dc:title,dc:creator,prism:publicationName,prism:coverDate,prism:doi,citedby-count,dc:description,authkeywords,subtypeDescription,prism:url,search_source
Associations between caregiver-provider communication quality and unmet care needs among older adults,Liang J.,BMC Geriatrics,2026-12-01,10.1186/s12877-026-07381-2,0,,,Article,https://api.elsevier.com/content/abstract/scopus_id/105034062436,scopus_unmet_care_supplement
Unmet care needs among older people in residential care: a scoping review,Xie F.,BMC Geriatrics,2026-12-01,10.1186/s12877-026-07636-y,0,,,Review,https://api.elsevier.com/content/abstract/scopus_id/105043914541,scopus_unmet_care_supplement
Long-term care insurance and unmet needs in China: perspectives of older adults and family members,Zhang J.,European Journal of Ageing,2026-12-01,10.1007/s10433-026-00938-5,0,,,Article,https://api.elsevier.com/content/abstract/scopus_id/105049156838,scopus_unmet_care_supplement
Mapping evolving care needs in older adults with disabilities: a qualitative study,Jin Y.X.,Scientific Reports,2026-12-01,10.1038/s41598-025-32338-7,1,,,Article,https://api.elsevier.com/content/abstract/scopus_id/105027922651,scopus_unmet_care_supplement
Quality of life in older adults with urinary incontinence and its impact on the stigma-care needs network: latent profile and network analysis,He H.C.,BMC Geriatrics,2026-12-01,10.1186/s12877-026-07170-x,1,,,Article,https://api.elsevier.com/content/abstract/scopus_id/105038145759,scopus_unmet_care_supplement
The impact of multidimensional mutual-aid care services on social functions: evidence from a case study in China,He Y.,BMC Health Services Research,2026-12-01,10.1186/s12913-026-14669-x,0,,,Article,https://api.elsevier.com/content/abstract/scopus_id/105044462846,scopus_unmet_care_supplement
Supportive care needs and quality of life in caregivers of cancer patients receiving home-based palliative care: a serial mediation model,Metin T.,BMC Palliative Care,2026-12-01,10.1186/s12904-026-02126-9,0,,,Article,https://api.elsevier.com/content/abstract/scopus_id/105047616924,scopus_unmet_care_supplement
Standing next to but not being part of: relatives’ experiences of support from healthcare professionals when general palliative care is provided at home,Midlöv E.M.,BMC Palliative Care,2026-12-01,10.1186/s12904-026-02021-3,1,,,Article,https://api.elsevier.com/content/abstract/scopus_id/105030870008,scopus_unmet_care_supplement
National prevalence and care needs of dementia in adults aged ≥55 years: Findings from the china mental health survey summary box,Liu Z.,Journal of Prevention of Alzheimer S Disease,2026-11-01,10.1016/j.tjpad.2026.100659,0,,,Article,https://api.elsevier.com/content/abstract/scopus_id/105047721548,scopus_unmet_care_supplement
Perceived need for social services among Chinese older adults with disability in activities of daily living: The role of unmet need for care and available social services,Zhu H.,Aging and Health Research,2026-09-01,10.1016/j.ahr.2026.100289,0,,,Article,https://api.elsevier.com/content/abstract/scopus_id/105044364659,scopus_unmet_care_supplement
Bus transit to wellbeing: active aging pathways in China’s most aged megacity,Liu W.,Transportation Research Part D Transport and Environment,2026-09-01,10.1016/j.trd.2026.105449,1,,,Article,https://api.elsevier.com/content/abstract/scopus_id/105041140497,scopus_unmet_care_supplement
Unmet needs and fall risk among older adults: evidence from Europe using SHARE data,Kingsada A.,European Journal of Public Health,2026-08-01,10.1093/eurpub/ckag088,0,,,Article,https://api.elsevier.com/content/abstract/scopus_id/105041397198,scopus_unmet_care_supplement
Dementia and Parkinson's Disease in the rural population of western Salamanca: a cross-sectional study of prevalence and family support needs,Alonso Sardón M.,Atencion Primaria,2026-08-01,10.1016/j.aprim.2026.103512,0,,,Article,https://api.elsevier.com/content/abstract/scopus_id/105038439965,scopus_unmet_care_supplement
Exploring a Facilitator-Enabled Flexible iSupport for Dementia Program: An Internal Pilot Mixed-Methods Study,Yu Y.,Nursing Open,2026-08-01,10.1002/nop2.70774,0,,,Article,https://api.elsevier.com/content/abstract/scopus_id/105048072248,scopus_unmet_care_supplement
"Caring amid crisis: a qualitative study of caregivers' experiences, wellbeing, and support for older adults",Boamah S.A.,Frontiers in Public Health,2026-07-03,10.3389/fpubh.2026.1848846,0,,,Article,https://api.elsevier.com/content/abstract/scopus_id/105045963818,scopus_unmet_care_supplement
The intensity of informal caregiving and its implications for older caregivers: a national survey in Sweden,Kirvalidze M.,Scandinavian Journal of Public Health,2026-07-01,10.1177/14034948251335113,7,,,Article,https://api.elsevier.com/content/abstract/scopus_id/105004206715,scopus_unmet_care_supplement
Aging in institutions in East Asia: Care poverty pathways among older adults with intellectual disabilities,Chou Y.C.,Health and Place,2026-07-01,10.1016/j.healthplace.2026.103688,0,,,Article,https://api.elsevier.com/content/abstract/scopus_id/105040783049,scopus_unmet_care_supplement
"Trends In Care Needs Among Older US Adults Diverged By Age, 2011-22",Freedman V.A.,Health Affairs Project Hope,2026-07-01,10.1377/hlthaff.2025.01355,0,,,Article,https://api.elsevier.com/content/abstract/scopus_id/105045130297,scopus_unmet_care_supplement
The Future Availability of Family Caregivers: Implications for Late-Life Care Gaps,Freedman V.A.,Population Research and Policy Review,2026-06-01,10.1007/s11113-026-10016-4,0,,,Article,https://api.elsevier.com/content/abstract/scopus_id/105040655904,scopus_unmet_care_supplement
“Dental Care Is Not My Priority”: A Descriptive Qualitative Study of Experiences and Support Needs for Oral Health Self-Care in Older Adults With Type 2 Diabetes,Bao Y.,Science of Diabetes Self Management and Care,2026-06-01,10.1177/26350106261431267,0,,,Article,https://api.elsevier.com/content/abstract/scopus_id/105035356682,scopus_unmet_care_supplement
Less continuity with more complaints: a repeated cross-sectional study of the association between relational continuity of care and patient complaints in English general practice,Chen J.,BMJ Quality and Safety,2026-06-01,10.1136/bmjqs-2025-018989,4,,,Article,https://api.elsevier.com/content/abstract/scopus_id/105018180981,scopus_unmet_care_supplement
Associations between support needs and preparedness among family caregivers in palliative home care,Bauman C.,International Journal of Palliative Nursing,2026-05-02,10.12968/ijpn.2025.0102,0,,,Article,https://api.elsevier.com/content/abstract/scopus_id/105039906931,scopus_unmet_care_supplement
Influencing Factors of Unmet Care Needs Among Taiwanese Non-Muscle Invasive Bladder Cancer during Acute Stage of Survivorship: A Preliminary Study,Chen Y.R.,Asian Nursing Research,2026-05-01,10.1016/j.anr.2025.12.001,1,,,Article,https://api.elsevier.com/content/abstract/scopus_id/105039111924,scopus_unmet_care_supplement
Variation in stroke survivors’ long-term home care use: a South London population-based study,Kalansooriya W.,European Stroke Journal,2026-05-01,10.1093/esj/aakag045,0,,,Article,https://api.elsevier.com/content/abstract/scopus_id/105038433865,scopus_unmet_care_supplement
Correction: Family Structure and Unmet Care Needs Among Older Adults With and Without Dementia in the United States (The Gerontologist (2025) 65:5 DOI: 10.1093/geront/gnaf062),,Gerontologist,2026-03-01,10.1093/geront/gnaf235,0,,,Erratum,https://api.elsevier.com/content/abstract/scopus_id/105031052120,scopus_unmet_care_supplement
Care for deficits in activities of daily living (ADL) and instrumental ADL and unmet care needs among Austrians aged 65 and over,Dorner T.E.,Wiener Medizinische Wochenschrift,2026-03-01,10.1007/s10354-026-01133-y,1,,,Article,https://api.elsevier.com/content/abstract/scopus_id/105031126377,scopus_unmet_care_supplement
Erratum: Correction to: Family Structure and Unmet Care Needs Among Older Adults With and Without Dementia in the United States (The Gerontologist (2025) 65 5 PII: gnaf235 DOI: 10.1093/geront/gnaf062.),,Gerontologist,2026-02-12,10.1093/geront/gnaf235,0,,,Erratum,https://api.elsevier.com/content/abstract/scopus_id/105030633390,scopus_unmet_care_supplement
Care Needs of Community-Dwelling Older Adults Living in Poverty and Their Relationship With Other Biopsychosocial Variables: A Cross-Sectional Study,Fernández-Fernández A.,Journal of Advanced Nursing,2026-02-01,10.1111/jan.17016,2,,,Article,https://api.elsevier.com/content/abstract/scopus_id/105004184503,scopus_unmet_care_supplement
Assessing the roles of state and family in the provision of care: a case study of Ghana,Boakye-Yiadom L.,International Journal of Care and Caring,2026-02-01,10.1332/23978821Y2025D000000149,2,,,Article,https://api.elsevier.com/content/abstract/scopus_id/105031754490,scopus_unmet_care_supplement
Guiding Multiple Sclerosis Care: An Update to the 2013 Consensus Statement from the MS in the 21st Century Steering Group,Alroughani R.,Neurology and Therapy,2026-02-01,10.1007/s40120-025-00849-0,0,,,Article,https://api.elsevier.com/content/abstract/scopus_id/105021045937,scopus_unmet_care_supplement
"Health Care Use > 2 Years After Cancer Diagnosis: Results From a Survey Among 5,710 Patients With Various Cancer Types",Mols F.,Psycho Oncology,2026-02-01,10.1002/pon.70407,0,,,Article,https://api.elsevier.com/content/abstract/scopus_id/105029865935,scopus_unmet_care_supplement
Perceived quality of home- and community-based services and urban-rural disparities in aging-in-place intentions: evidence from Chinese older adults,Wang S.,BMC Geriatrics,2026-01-13,10.1186/s12877-025-06936-z,4,,,Article,https://api.elsevier.com/content/abstract/scopus_id/105029011996,scopus_unmet_care_supplement
Exploring the palliative care needs of patients with heart failure: A qualitative study,Ghaemizade Shushtari S.S.,International Journal of Palliative Nursing,2026-01-02,10.12968/ijpn.2025.0013,0,,,Article,https://api.elsevier.com/content/abstract/scopus_id/105040967694,scopus_unmet_care_supplement
Beyond Family Care: How Home- and Community-Based Services Complement Family Care to Reduce Unmet Care Needs and Enhance the Well-Being Among Older Adults With Disabilities,Wang S.,Research on Aging,2026-01-01,10.1177/01640275251414989,1,,,Article,https://api.elsevier.com/content/abstract/scopus_id/105026361441,scopus_unmet_care_supplement
Self-reported unmet care needs in daily activities among community-dwelling older adults with cancer: Analyses from the 2015–2019 National Health and Aging Trends Study,Wang Y.,Journal of Geriatric Oncology,2026-01-01,10.1016/j.jgo.2025.102796,0,,,Article,https://api.elsevier.com/content/abstract/scopus_id/105020851817,scopus_unmet_care_supplement
Gender Gap in Unmet Need for Care in Later Life: The Moderating Role of Social Deprivation,Szenkurök V.,Health and Social Care in the Community,2026-01-01,10.1155/hsc/3358797,0,,,Article,https://api.elsevier.com/content/abstract/scopus_id/105039943243,scopus_unmet_care_supplement
Development and psychometric validation of the measure of alternative care and support (MACS) for community-dwelling older adults,Mohan A.,Cogent Social Sciences,2026-01-01,10.1080/23311886.2026.2632886,0,,,Article,https://api.elsevier.com/content/abstract/scopus_id/105031591640,scopus_unmet_care_supplement
Expanding nurse practitioners' role in capacity evaluation,Babi K.,Journal of the American Association of Nurse Practitioners,2026-01-01,10.1097/JXX.0000000000001324,0,,,Article,https://api.elsevier.com/content/abstract/scopus_id/105047452823,scopus_unmet_care_supplement
Factors associated with life satisfaction of Korean older adults with disabilities living alone: a cross-sectional study using the ICF framework,Han S.Y.,Frontiers in Public Health,2026-01-01,10.3389/fpubh.2026.1812101,0,,,Article,https://api.elsevier.com/content/abstract/scopus_id/105043667485,scopus_unmet_care_supplement
Do Home- and Community-Based Services Reduce Elderly Care Needs and Family Caregiving Burden? Evidence From China,Chen L.,Journal of Applied Gerontology,2026-01-01,10.1177/07334648261443365,0,,,Article,https://api.elsevier.com/content/abstract/scopus_id/105036229604,scopus_unmet_care_supplement
A dynamic approach to unmet needs in long-term care for older people across Europe,Rodrigues R.,Innovation in Aging,2026-01-01,10.1093/geroni/igag042,0,,,Article,https://api.elsevier.com/content/abstract/scopus_id/105043868811,scopus_unmet_care_supplement
Racial and Ethnic Differences in Caregiving Networks and Unmet Care Needs Among People Living With Cognitive Impairment,Lai W.H.,Research on Aging,2026-01-01,10.1177/01640275251412878,0,,,Article,https://api.elsevier.com/content/abstract/scopus_id/105026672324,scopus_unmet_care_supplement
Housing quality and suitability and older people’s use of formal and unpaid care,Brimblecombe N.,Housing Studies,2026-01-01,10.1080/02673037.2025.2565233,0,,,Article,https://api.elsevier.com/content/abstract/scopus_id/105018209304,scopus_unmet_care_supplement
"Coping within constrained social care: emotion work, collective rulemaking, and prioritisation in Nordic eldercare",Graff L.,European Journal of Social Work,2026-01-01,10.1080/13691457.2025.2503806,2,,,Article,https://api.elsevier.com/content/abstract/scopus_id/105005742551,scopus_unmet_care_supplement
"Health, nursing care, and medical needs of homeless and housing-insecure people - a scoping review",Spörhase M.M.,Journal of Public Health Germany,2026-01-01,10.1007/s10389-025-02674-z,0,,,Article,https://api.elsevier.com/content/abstract/scopus_id/105030564065,scopus_unmet_care_supplement
Development and validation of assistance needs assessment scale of the home-dwelling older adults,Huang L.,BMC Geriatrics,2025-12-01,10.1186/s12877-025-06539-8,2,,,Article,https://api.elsevier.com/content/abstract/scopus_id/105020639063,scopus_unmet_care_supplement
Internet-based healthcare services use patterns and barriers among middle-aged and older adults in China: a cross-sectional study,Wang Z.,BMC Public Health,2025-12-01,10.1186/s12889-025-23338-3,4,,,Article,https://api.elsevier.com/content/abstract/scopus_id/105010100860,scopus_unmet_care_supplement
Socio-economic differences in receiving care by the over-80s in Germany and England: intensity of care needs as a moderator,Henz U.,European Journal of Ageing,2025-12-01,10.1007/s10433-025-00864-y,0,,,Article,https://api.elsevier.com/content/abstract/scopus_id/105007934916,scopus_unmet_care_supplement
"Exploring Safety Concerns in Assisted Living Communities: A Qualitative Comparison of Resident, Family, and Staff Perspectives",Cho Y.,Journal of the American Medical Directors Association,2025-12-01,10.1016/j.jamda.2025.105910,2,,,Article,https://api.elsevier.com/content/abstract/scopus_id/105020847752,scopus_unmet_care_supplement
Identifying Gaps in Care Quality for Seriously Ill Medicare Advantage Enrollees,Anhang Price R.,Journal of Palliative Medicine,2025-11-22,10.1177/10966218251381011,1,,,Article,https://api.elsevier.com/content/abstract/scopus_id/105018519269,scopus_unmet_care_supplement
Shedding Light on an Invisible Population in Geriatric Medicine: A Scoping Review of Older Adults Who Are Homebound,McManus C.,Journal of the American Geriatrics Society,2025-11-01,10.1111/jgs.19620,6,,,Review,https://api.elsevier.com/content/abstract/scopus_id/105012029674,scopus_unmet_care_supplement
Making Community-Based Palliative Care Eligibility Determinations: Palliative Care Team Member Perspectives on Access to Information and Algorithm Use,Sheldon K.G.,American Journal of Hospice and Palliative Medicine,2025-11-01,10.1177/10499091241302044,2,,,Article,https://api.elsevier.com/content/abstract/scopus_id/85209773459,scopus_unmet_care_supplement
Caregiving experiences and social support needs of family caregivers for community-dwelling schizophrenia patients: a qualitative study,Zhang D.,Chinese Journal of General Practitioners,2025-10-04,10.3760/cma.j.cn114798-20250530-00531,0,,,Article,https://api.elsevier.com/content/abstract/scopus_id/105018756955,scopus_unmet_care_supplement
Disability and unmet need for health care in Canada: Findings from the Canadian Community Health Survey,Pucchio A.M.R.,Disability and Health Journal,2025-10-01,10.1016/j.dhjo.2025.101846,5,,,Article,https://api.elsevier.com/content/abstract/scopus_id/105004342875,scopus_unmet_care_supplement
Unmet Needs in Dementia Care: The Predictive Role of Caregiver Challenges,Bertola L.,International Journal of Geriatric Psychiatry,2025-10-01,10.1002/gps.70164,2,,,Article,https://api.elsevier.com/content/abstract/scopus_id/105018892069,scopus_unmet_care_supplement
Stroke Caregiver Needs in a Population-Based Study,Mehdipanah R.,Journal of the American Heart Association,2025-09-19,10.1161/JAHA.124.038434,2,,,Article,https://api.elsevier.com/content/abstract/scopus_id/105018011347,scopus_unmet_care_supplement
Urban‒rural disparities in unmet care needs among disabled older adults across regions in China: Evidence from national representative longitudinal survey,Wu Y.,Geriatric Nursing,2025-09-01,10.1016/j.gerinurse.2025.103465,6,,,Article,https://api.elsevier.com/content/abstract/scopus_id/105010050564,scopus_unmet_care_supplement
Black-White Differences in Long-Term Services and Supports (LTSS) Deserts: Implications for Unmet Care Needs,Fabius C.D.,Journal of the American Medical Directors Association,2025-09-01,10.1016/j.jamda.2025.105758,1,,,Article,https://api.elsevier.com/content/abstract/scopus_id/105011210665,scopus_unmet_care_supplement
Unmet Supportive Care Needs in Cancer Survivors in Spain: A Multicentre Cross-Sectional Study on Prevalence and Sociodemographic and Disease-Related Risk Factors,Andreu Y.,Current Oncology,2025-09-01,10.3390/curroncol32090524,1,,,Article,https://api.elsevier.com/content/abstract/scopus_id/105017044211,scopus_unmet_care_supplement
Examining Help-Seeking Behavior in People Living Alone With Cognitive Impairment,Smith C.P.,Journal of Applied Gerontology,2025-08-01,10.1177/07334648241309478,0,,,Article,https://api.elsevier.com/content/abstract/scopus_id/85214832032,scopus_unmet_care_supplement
Older adults’ care networks and the pathways to unmet needs,Savla J.,Innovation in Aging,2025-07-01,10.1093/geroni/igaf063,2,,,Article,https://api.elsevier.com/content/abstract/scopus_id/105013057091,scopus_unmet_care_supplement
Health-related quality of life and unmet care needs among older adults in Medical and Nursing Care Integrated Institutions,Qiao Y.,Geriatric Nursing,2025-07-01,10.1016/j.gerinurse.2025.103403,1,,,Article,https://api.elsevier.com/content/abstract/scopus_id/105009252238,scopus_unmet_care_supplement
Experiences with care coordination and backup plans in home and community based services during the COVID-19 pandemic in Kansas,LaPierre T.A.,Disability and Health Journal,2025-07-01,10.1016/j.dhjo.2024.101677,0,,,Article,https://api.elsevier.com/content/abstract/scopus_id/85200262117,scopus_unmet_care_supplement
Association between physical frailty and social support in community-dwelling older adults: A systematic review,Dou X.,Archives of Gerontology and Geriatrics,2025-06-01,10.1016/j.archger.2025.105826,6,,,Review,https://api.elsevier.com/content/abstract/scopus_id/86000784881,scopus_unmet_care_supplement
Unmet Support Needs in Elderly Multimorbidity Patients’ Self-Management: A Phenomenological Study,Muvwimi T.S.,Texila International Journal of Public Health,2025-06-01,10.21522/TIJPH.2013.13.02.Art020,0,,,Article,https://api.elsevier.com/content/abstract/scopus_id/105010338490,scopus_unmet_care_supplement
COVID-19 and domiciliary care utilisation: Evidence from the English Longitudinal Study of Ageing,Arabadzhyan A.,Journal of the Economics of Ageing,2025-06-01,10.1016/j.jeoa.2025.100552,1,,,Article,https://api.elsevier.com/content/abstract/scopus_id/105000844797,scopus_unmet_care_supplement
From rationing to rights: Measuring unmet care needs to transform aged care systems,Hill T.,Care Poverty and Unmet Needs Inequalities in Theory and Practice,2025-05-23,10.51952/9781447370109.ch004,1,,,Book Chapter,https://api.elsevier.com/content/abstract/scopus_id/105008254882,scopus_unmet_care_supplement
Family Structure and Unmet Care Needs among Older Adults with and Without Dementia in the United States,Patterson S.E.,Gerontologist,2025-05-01,10.1093/geront/gnaf062,7,,,Article,https://api.elsevier.com/content/abstract/scopus_id/105004295062,scopus_unmet_care_supplement
CaregivingTrajectories and Unmet Care Needs in Later Life,Freedman V.A.,Gerontologist,2025-04-01,10.1093/geront/gnae136,7,,,Article,https://api.elsevier.com/content/abstract/scopus_id/105002328176,scopus_unmet_care_supplement
The Impact of Kinlessness on Older Adults with Advanced Heart Failure,GODFREY S.,Journal of Cardiac Failure,2025-04-01,10.1016/j.cardfail.2024.06.012,1,,,Review,https://api.elsevier.com/content/abstract/scopus_id/85201466729,scopus_unmet_care_supplement
"Differences in the risk of frailty based on care receipt, unmet care needs and socio-economic inequalities: A longitudinal analysis of the English Longitudinal Study of Ageing",Sinclair D.R.,Journal of Frailty and Aging,2025-04-01,10.1016/j.tjfa.2025.100012,2,,,Article,https://api.elsevier.com/content/abstract/scopus_id/86000175845,scopus_unmet_care_supplement
Profiles of Met and Unmet Care Needs in the Oldest Old Primary Care Patients with Cognitive Disorders and Dementia: Results of the AgeCoDe and AgeQualiDe Study,Kraake S.,Dementia and Geriatric Cognitive Disorders,2025-04-01,10.1159/000541118,1,,,Article,https://api.elsevier.com/content/abstract/scopus_id/85207344683,scopus_unmet_care_supplement
Identifying and Addressing Unmet Needs in Dementia: The Role of Care Access and Psychosocial Support,Scharf A.,International Journal of Geriatric Psychiatry,2025-04-01,10.1002/gps.70066,9,,,Article,https://api.elsevier.com/content/abstract/scopus_id/105001711084,scopus_unmet_care_supplement
Housing characteristics of low and moderate income older adults with and without disabilities,Okoye S.M.,Geriatric Nursing,2025-03-01,10.1016/j.gerinurse.2025.01.042,4,,,Article,https://api.elsevier.com/content/abstract/scopus_id/85217265798,scopus_unmet_care_supplement
A qualitative study to examine hidden care burden for older adults with overweight and obesity in England,Ghosh G.,Plos One,2025-03-01,10.1371/journal.pone.0320253,2,,,Article,https://api.elsevier.com/content/abstract/scopus_id/105000540381,scopus_unmet_care_supplement
Risk of cancer-related distress by age in colorectal cancer survivors: The modulatory role of unmet support needs,Andreu Y.,Journal of Health Psychology,2025-03-01,10.1177/13591053241253358,5,,,Article,https://api.elsevier.com/content/abstract/scopus_id/85196675486,scopus_unmet_care_supplement
"Disruptions in care among disabled people and older adults during the COVID-19 pandemic: evidence from Ontario, Canada",Lai P.,International Journal of Care and Caring,2025-02-01,10.1332/23978821Y2024D000000033,1,,,Article,https://api.elsevier.com/content/abstract/scopus_id/85218177910,scopus_unmet_care_supplement
Aging in Bangladesh: A Wake-Up Call for Elderly Care Solutions,Akter S.,Health Science Reports,2025-02-01,10.1002/hsr2.70529,8,,,Article,https://api.elsevier.com/content/abstract/scopus_id/85219569218,scopus_unmet_care_supplement
Which unmet social care needs have the biggest impact on healthy ageing? An analysis of data from the English Longitudinal Study of Ageing,Spiers G.F.,BMJ Open,2025-01-22,10.1136/bmjopen-2024-084812,0,,,Article,https://api.elsevier.com/content/abstract/scopus_id/85216279002,scopus_unmet_care_supplement
Distancing and Changes in Intergenerational Support in Germany During the Beginning of the COVID-19 Pandemic,Klingel M.,Journal of Intergenerational Relationships,2025-01-01,10.1080/15350770.2025.2504393,3,,,Article,https://api.elsevier.com/content/abstract/scopus_id/105007038344,scopus_unmet_care_supplement
Dynamics of Unmet Social Care Needs and Depressive Symptoms Among Older Adults: Evidence From a Prospective Study in England,Falkingham J.,Health and Social Care in the Community,2025-01-01,10.1155/hsc/8867042,0,,,Article,https://api.elsevier.com/content/abstract/scopus_id/105007632384,scopus_unmet_care_supplement
Unmet Activities of Daily Living (ADL) Care Needs and Associated Risk Factors Among Older Adults with Dementia at the End of Life,Swearinger H.,Journal of Gerontological Social Work,2025-01-01,10.1080/01634372.2025.2474584,0,,,Article,https://api.elsevier.com/content/abstract/scopus_id/86000458659,scopus_unmet_care_supplement
Older adults with communication disabilities and their use of communication support at doctor’s visits: a nationally representative study,Oshita J.Y.,Disability and Rehabilitation,2025-01-01,10.1080/09638288.2024.2351155,1,,,Article,https://api.elsevier.com/content/abstract/scopus_id/85195143244,scopus_unmet_care_supplement
Family Members’ Perspectives on the Unmet Care Needs of People Living With Dementia in Nursing Homes,Paananen J.,Journal of Social Service Research,2025-01-01,10.1080/01488376.2024.2369115,6,,,Article,https://api.elsevier.com/content/abstract/scopus_id/85196634860,scopus_unmet_care_supplement
The Influence of Home and Community-Based Services Program on Healthcare Utilization Among Older Adults in China,Su Q.,Health and Social Care in the Community,2025-01-01,10.1155/hsc/5537557,0,,,Article,https://api.elsevier.com/content/abstract/scopus_id/105023368152,scopus_unmet_care_supplement
Estimating the costs and quality of life impact of vision loss in the population aged 50-80 years in Malta: evidence from The Malta Eye Study,Agius D.,Frontiers in Public Health,2025-01-01,10.3389/fpubh.2025.1706208,1,,,Article,https://api.elsevier.com/content/abstract/scopus_id/105025378002,scopus_unmet_care_supplement
Spousal characteristics and unmet care needs: A longitudinal national study of adults aged 50 and over in England,Zhang J.,Social Science and Medicine,2025-01-01,10.1016/j.socscimed.2024.117530,4,,,Article,https://api.elsevier.com/content/abstract/scopus_id/85211699324,scopus_unmet_care_supplement
Trajectories of Disability and Long-Term Care Utilization After Acute Health Events,Gonçalves J.,Journal of Aging and Social Policy,2025-01-01,10.1080/08959420.2023.2267399,9,,,Article,https://api.elsevier.com/content/abstract/scopus_id/85173778827,scopus_unmet_care_supplement
Means-Tested welfare policies and the quiet fear of poverty amongst older people: lessons from the UK,Purdam K.,Policy Studies,2025-01-01,10.1080/01442872.2025.2581829,2,,,Article,https://api.elsevier.com/content/abstract/scopus_id/105022281784,scopus_unmet_care_supplement
Living with a blood cancer in later life: The complex challenges and related support needs of adults aged 75 and older,Parker N.D.,Palliative and Supportive Care,2024-12-01,10.1017/S1478951523001219,0,,,Article,https://api.elsevier.com/content/abstract/scopus_id/85169697761,scopus_unmet_care_supplement
From decision to reflection: understanding the experiences and unmet care needs of patients treated with immunotherapy for melanoma in the adjuvant or metastatic setting,Kamminga N.C.W.,BMC Cancer,2024-12-01,10.1186/s12885-024-12410-7,4,,,Article,https://api.elsevier.com/content/abstract/scopus_id/85194715134,scopus_unmet_care_supplement
Perceived communication efficacy and unmet needs for chemotherapy-associated symptom management in patients with lung and colorectal cancer: a cross-sectional study,Zeng K.,BMC Palliative Care,2024-12-01,10.1186/s12904-024-01376-9,4,,,Article,https://api.elsevier.com/content/abstract/scopus_id/85187676095,scopus_unmet_care_supplement
Living with an artificial eye: qualitative insights into patient and family member experiences,Boele F.W.,International Ophthalmology,2024-12-01,10.1007/s10792-024-02933-0,7,,,Article,https://api.elsevier.com/content/abstract/scopus_id/85194065889,scopus_unmet_care_supplement
“They Did Not Know How to Talk to Us and It Seems That They Didn’t Care:” Narratives from Bereaved Family Members of Black Veterans,Kutney-Lee A.,Journal of Racial and Ethnic Health Disparities,2024-12-01,10.1007/s40615-023-01790-4,1,,,Article,https://api.elsevier.com/content/abstract/scopus_id/85171639302,scopus_unmet_care_supplement
Outcomes of primary transobturator mid-urethral sling surgery in women of different ages,Yang J.M.,European Journal of Obstetrics and Gynecology and Reproductive Biology,2024-12-01,10.1016/j.ejogrb.2024.10.030,4,,,Article,https://api.elsevier.com/content/abstract/scopus_id/85207136515,scopus_unmet_care_supplement
Evaluating the impact of a pilot programme for home- and community-based services on long-term care needs among older adults in China,Ping R.,Plos One,2024-11-01,10.1371/journal.pone.0311616,5,,,Article,https://api.elsevier.com/content/abstract/scopus_id/85209926939,scopus_unmet_care_supplement
“There is a life before and after cancer”: experiences of resuming life and unmet care needs in stage I and II melanoma survivors,Kamminga N.C.W.,Archives of Dermatological Research,2024-11-01,10.1007/s00403-024-03376-4,1,,,Article,https://api.elsevier.com/content/abstract/scopus_id/85204881727,scopus_unmet_care_supplement
Palliative Care Needs of Women With Advanced Chronic Obstructive Pulmonary Disease A Mixed Methods Study,Madiraca J.,Journal of Hospice and Palliative Nursing,2024-10-01,10.1097/NJH.0000000000001052,3,,,Article,https://api.elsevier.com/content/abstract/scopus_id/85199697336,scopus_unmet_care_supplement
"The association between frailty, care receipt and unmet need for care with the risk of hospital admissions",Maharani A.,Plos One,2024-09-01,10.1371/journal.pone.0306858,3,,,Article,https://api.elsevier.com/content/abstract/scopus_id/85205276129,scopus_unmet_care_supplement
The Consequences of Unmet Needs for Assistance With Daily Life Activities Among Older Adults: A Systematic Review,Huang J.,Medical Care Research and Review,2024-08-01,10.1177/10775587241233798,23,,,Review,https://api.elsevier.com/content/abstract/scopus_id/85187130456,scopus_unmet_care_supplement
Socioeconomic inequality of long-term care for older people with and without dementia in England,Hu B.,Ageing and Society,2024-07-01,10.1017/S0144686X22000885,17,,,Article,https://api.elsevier.com/content/abstract/scopus_id/85206433898,scopus_unmet_care_supplement
Canadian Healthcare Access in Parkinson’s Disease and COVID-19: A Cross-Sectional Survey,McKeown M.D.,Canadian Journal of Neurological Sciences,2024-07-01,10.1017/cjn.2023.275,0,,,Article,https://api.elsevier.com/content/abstract/scopus_id/85170835033,scopus_unmet_care_supplement
Everyday Challenges for Individuals Aging With Vision Impairment: Technology Implications,Remillard E.T.,Gerontologist,2024-06-01,10.1093/geront/gnad169,30,,,Article,https://api.elsevier.com/content/abstract/scopus_id/85190258402,scopus_unmet_care_supplement
"Race/Ethnicity, Nativity, and Gender Disparities in Unmet Care Needs Among Older Adults in the United States",Lin Z.,Gerontologist,2024-04-01,10.1093/geront/gnad094,28,,,Article,https://api.elsevier.com/content/abstract/scopus_id/85183025884,scopus_unmet_care_supplement
State home and community-based services expenditures and unmet care needs in the United States: Has everyone benefitted equally?,Yang Y.,Health Services Research,2024-04-01,10.1111/1475-6773.14269,14,,,Article,https://api.elsevier.com/content/abstract/scopus_id/85180908670,scopus_unmet_care_supplement
Profiles of met and unmet care needs in the oldest-old primary care patients with depression – results of the AgeMooDe study,Kraake S.,Journal of Affective Disorders,2024-04-01,10.1016/j.jad.2024.01.138,0,,,Article,https://api.elsevier.com/content/abstract/scopus_id/85183640757,scopus_unmet_care_supplement
Care needs assessment of older adults with dementia in a semi-rural district in Vietnam: A community-based cross-sectional study,Nguyen A.N.,Psychogeriatrics,2024-03-01,10.1111/psyg.13068,5,,,Article,https://api.elsevier.com/content/abstract/scopus_id/85180885950,scopus_unmet_care_supplement
Unmet Needs for Support in Activities of Daily Living among Older Persons: The Effects of Family and Household Structures in a Low- and Middle-Income Context,Mobolaji J.W.,Geriatrics Switzerland,2024-02-01,10.3390/geriatrics9010005,8,,,Article,https://api.elsevier.com/content/abstract/scopus_id/85187295244,scopus_unmet_care_supplement
AI in care: a solution to the ‘care crisis’ in England?,Whitfield G.,Handbook on Public Policy and Artificial Intelligence,2024-01-01,10.4337/9781803922171.00037,6,,,Book Chapter,https://api.elsevier.com/content/abstract/scopus_id/85207561360,scopus_unmet_care_supplement
"Older people, care concerns and an ethic of care",Westwood S.,Research Handbook on Law Society and Ageing,2024-01-01,10.4337/9781803925295.00048,0,,,Book Chapter,https://api.elsevier.com/content/abstract/scopus_id/85217332324,scopus_unmet_care_supplement
How did unmet care needs during the pandemic affect health outcomes of older European individuals?,Bergeot J.,Economics and Human Biology,2024-01-01,10.1016/j.ehb.2023.101317,8,,,Article,https://api.elsevier.com/content/abstract/scopus_id/85178448480,scopus_unmet_care_supplement
The relationships between informal and formal social care for older people in England: A comparison before and after the Care Act 2014,Lyu J.Y.,Journal of Aging and Social Policy,2024-01-01,10.1080/08959420.2023.2226308,11,,,Article,https://api.elsevier.com/content/abstract/scopus_id/85163048517,scopus_unmet_care_supplement
Identifying facilitators and barriers to integrated and equitable care for community-dwelling older adults with high emergency department use from historically marginalized groups,Kehoe MacLeod K.,International Journal for Equity in Health,2023-12-01,10.1186/s12939-023-01900-y,4,,,Article,https://api.elsevier.com/content/abstract/scopus_id/85159707589,scopus_unmet_care_supplement
Cared and uncared populations: understanding unmet care needs of older adults (65+) across different social care systems in Europe,Calderón-Jaramillo M.,European Journal of Ageing,2023-12-01,10.1007/s10433-023-00760-3,21,,,Article,https://api.elsevier.com/content/abstract/scopus_id/85156261020,scopus_unmet_care_supplement
Association between home and community-based services and depressive symptoms in Chinese older adults: a multilevel analysis,Xu T.,BMC Public Health,2023-12-01,10.1186/s12889-023-16008-9,15,,,Article,https://api.elsevier.com/content/abstract/scopus_id/85165411027,scopus_unmet_care_supplement
Study protocol: Type III hybrid effectiveness-implementation study implementing Age-Friendly evidence-based practices in the VA to improve outcomes in older adults,Piazza K.M.,Implementation Science Communications,2023-12-01,10.1186/s43058-023-00431-5,15,,,Article,https://api.elsevier.com/content/abstract/scopus_id/85165289552,scopus_unmet_care_supplement
The Role of Place in Person- and Family-Oriented Long-Term Services and Supports,Fabius C.D.,Milbank Quarterly,2023-12-01,10.1111/1468-0009.12664,10,,,Article,https://api.elsevier.com/content/abstract/scopus_id/85165939043,scopus_unmet_care_supplement
Self-perceived care needs and quality of life in people with cognitive impairment during routine care at home: cross-sectional results of the interventional study,Zhang J.,BMC Geriatrics,2023-12-01,10.1186/s12877-023-03846-w,2,,,Article,https://api.elsevier.com/content/abstract/scopus_id/85151217926,scopus_unmet_care_supplement
Effective service coverage of long-term care among older persons in South Korea,Leigh J.H.,Age and Ageing,2023-10-01,10.1093/ageing/afad120,8,,,Article,https://api.elsevier.com/content/abstract/scopus_id/85175404007,scopus_unmet_care_supplement
Back to normal? The health care situation of home care receivers across Europe during the COVID-19 pandemic and its implications on health,Bergmann M.,Plos One,2023-10-01,10.1371/journal.pone.0287158,1,,,Article,https://api.elsevier.com/content/abstract/scopus_id/85175167688,scopus_unmet_care_supplement
Inequities in Mental Health Care Facing Racialized Immigrant Older Adults With Mental Disorders Despite Universal Coverage: A Population-Based Study in Canada,Lin S.,Journals of Gerontology Series B Psychological Sciences and Social Sciences,2023-09-01,10.1093/geronb/gbad036,11,,,Article,https://api.elsevier.com/content/abstract/scopus_id/85168810135,scopus_unmet_care_supplement
An invigorating journey towards better function and well-being: A qualitative study of knee osteoarthritis patients’ experiences with an online exercise and education intervention,Simonÿ C.,Osteoarthritis and Cartilage Open,2023-09-01,10.1016/j.ocarto.2023.100384,13,,,Article,https://api.elsevier.com/content/abstract/scopus_id/85166652685,scopus_unmet_care_supplement
Patterns of Unmet Needs With Assistance for Self-Care Activities at the End of Life by Place of Death Among Older Adults,Erçin Swearinger H.,American Journal of Hospice and Palliative Medicine,2023-08-01,10.1177/10499091221127427,7,,,Article,https://api.elsevier.com/content/abstract/scopus_id/85142343334,scopus_unmet_care_supplement
The impact of home and community care services pilot program on healthy aging: A difference-in-difference with propensity score matching analysis from China,Su Q.,Archives of Gerontology and Geriatrics,2023-07-01,10.1016/j.archger.2023.104970,30,,,Article,https://api.elsevier.com/content/abstract/scopus_id/85149065490,scopus_unmet_care_supplement
The Trauma Dyad: The Role of Informal Caregivers for Older Adults After Traumatic Injury,Sokas C.M.,Annals of Surgery,2023-04-01,10.1097/SLA.0000000000005200,9,,,Article,https://api.elsevier.com/content/abstract/scopus_id/85148577904,scopus_unmet_care_supplement
Understanding Unmet Care Needs of Rural Older Adults with Chronic Health Conditions: A Qualitative Study,Asante D.,International Journal of Environmental Research and Public Health,2023-02-01,10.3390/ijerph20043298,40,,,Article,https://api.elsevier.com/content/abstract/scopus_id/85148964626,scopus_unmet_care_supplement
Telehealth for geriatric post-emergency department visits to promote age-friendly care,McQuown C.M.,Health Services Research,2023-02-01,10.1111/1475-6773.14058,26,,,Article,https://api.elsevier.com/content/abstract/scopus_id/85138203596,scopus_unmet_care_supplement
National registry-based data of adverse events in Finnish long-term professional homecare in 2009–2019,Kivimäki T.,Journal of Clinical Nursing,2023-02-01,10.1111/jocn.16312,2,,,Article,https://api.elsevier.com/content/abstract/scopus_id/85127413911,scopus_unmet_care_supplement
Continuous voluntary community care services for older people in China: Evidence from Wuhu,Xin Y.,Frontiers in Public Health,2023-01-10,10.3389/fpubh.2022.1063156,9,,,Article,https://api.elsevier.com/content/abstract/scopus_id/85146817005,scopus_unmet_care_supplement
Unmet needs for care for activities of daily living among older adults with functional disabilities in Vietnam,Phi P.M.,Frontiers in Public Health,2023-01-01,10.3389/fpubh.2023.1216785,7,,,Article,https://api.elsevier.com/content/abstract/scopus_id/85174233666,scopus_unmet_care_supplement
Unmet Needs and Associated Factors among Community-living Older People with Disability in China: 2005–2014,Cao Y.,Journal of Aging and Social Policy,2023-01-01,10.1080/08959420.2022.2110806,11,,,Article,https://api.elsevier.com/content/abstract/scopus_id/85135793530,scopus_unmet_care_supplement
The impact of unmet needs for assistance with activities of daily living on the self-rated health and life satisfaction of Chinese community-dwelling older adults,Huang J.,Aging and Mental Health,2023-01-01,10.1080/13607863.2022.2045563,10,,,Article,https://api.elsevier.com/content/abstract/scopus_id/85126027514,scopus_unmet_care_supplement
"Trends in Gender and Racial/Ethnic Disparities in Physical Disability and Social Support Among U.S. Older Adults With Cognitive Impairment Living Alone, 2000-2018",Chen S.,Innovation in Aging,2023-01-01,10.1093/geroni/igad028,7,,,Article,https://api.elsevier.com/content/abstract/scopus_id/85161916373,scopus_unmet_care_supplement
Artificial intelligence in elderly healthcare: A scoping review,Ma B.,Ageing Research Reviews,2023-01-01,10.1016/j.arr.2022.101808,151,,,Review,https://api.elsevier.com/content/abstract/scopus_id/85143772177,scopus_unmet_care_supplement
‘How shall we handle this situation?’ Social workers’ discussions about risks during the COVID-19 pandemic in Swedish elder care,Österholm J.,Health Risk and Society,2023-01-01,10.1080/13698575.2022.2154323,8,,,Article,https://api.elsevier.com/content/abstract/scopus_id/85144200200,scopus_unmet_care_supplement
The use of out-of-hours primary care during the first year of the COVID-19 pandemic,Ramerman L.,BMC Health Services Research,2022-12-01,10.1186/s12913-022-08096-x,13,,,Article,https://api.elsevier.com/content/abstract/scopus_id/85130404870,scopus_unmet_care_supplement
Associations between Use of Paid Help and Care Experiences among Medicare–Medicaid Enrolled Older Adults with and without Dementia,Fabius C.D.,Journals of Gerontology Series B Psychological Sciences and Social Sciences,2022-12-01,10.1093/geronb/gbac072,15,,,Article,https://api.elsevier.com/content/abstract/scopus_id/85145092143,scopus_unmet_care_supplement
"Understanding how the Support Needs Approach for Patients (SNAP) enables identification, expression and discussion of patient support needs: A qualitative study",Gardener A.C.,Chronic Illness,2022-12-01,10.1177/17423953211047840,5,,,Article,https://api.elsevier.com/content/abstract/scopus_id/85117613142,scopus_unmet_care_supplement
Gender differences in access to community-based care: a longitudinal analysis of widowhood and living arrangements,Ilinca S.,European Journal of Ageing,2022-12-01,10.1007/s10433-022-00717-y,9,,,Article,https://api.elsevier.com/content/abstract/scopus_id/85135268618,scopus_unmet_care_supplement
Understanding unmet aged care need and care inequalities among older Australians,Hill T.,Ageing and Society,2022-11-11,10.1017/S0144686X21000222,19,,,Article,https://api.elsevier.com/content/abstract/scopus_id/85102376188,scopus_unmet_care_supplement
Care Needs Profiles and Their Association with Caregiver Strain among Community-Dwelling Older Adults with Cognitive Impairment,Sung P.,Dementia and Geriatric Cognitive Disorders,2022-11-01,10.1159/000525999,5,,,Article,https://api.elsevier.com/content/abstract/scopus_id/85135764251,scopus_unmet_care_supplement
"Met and Unmet Needs of Older Adults with Cognitive Impairment, and Burden and Benefits of Their Family Caregivers",Sung P.,Alzheimer Disease and Associated Disorders,2022-10-01,10.1097/WAD.0000000000000529,5,,,Article,https://api.elsevier.com/content/abstract/scopus_id/85143088266,scopus_unmet_care_supplement
Care poverty among older adults in East Asia: A comparison of unmet care needs between China and Taiwan,Hu B.,Archives of Gerontology and Geriatrics,2022-09-01,10.1016/j.archger.2022.104738,13,,,Article,https://api.elsevier.com/content/abstract/scopus_id/85131650319,scopus_unmet_care_supplement
"Corrigendum to ‘Care poverty among older adults in East Asia: A comparison of unmet care needs between China and Taiwan’, Archives of Gerontology and Geriatrics [Volume 102 (2022) 104738] (Archives of Gerontology and Geriatrics (2022) 102, (S0167494322001194), (10.1016/j.archger.2022.104738))",Hu B.,Archives of Gerontology and Geriatrics,2022-09-01,10.1016/j.archger.2022.104744,1,,,Erratum,https://api.elsevier.com/content/abstract/scopus_id/85131464288,scopus_unmet_care_supplement
"How does long-term care impact the psychological wellbeing of older adults in different care policy contexts in the Netherlands?: A comparison of 1998, 2008 and 2018",Abbing J.,Health and Social Care in the Community,2022-09-01,10.1111/hsc.13719,3,,,Article,https://api.elsevier.com/content/abstract/scopus_id/85122826571,scopus_unmet_care_supplement
Study on the Measurement and Influencing Factors of Care Service Demand of Disabled Elderly in Urban and Rural China,Jiang H.,International Journal of Environmental Research and Public Health,2022-09-01,10.3390/ijerph191711112,31,,,Article,https://api.elsevier.com/content/abstract/scopus_id/85137594052,scopus_unmet_care_supplement
Relationship between unmet needs for assistance and healthy aging among disabled older adults in China,Cao Y.,Frontiers in Public Health,2022-07-20,10.3389/fpubh.2022.914313,9,,,Article,https://api.elsevier.com/content/abstract/scopus_id/85135530990,scopus_unmet_care_supplement
Community-dwelling older adults and their informal carers call for more attention to psychosocial needs – Interview study on unmet care needs in three European countries,Van Aerschot L.,Archives of Gerontology and Geriatrics,2022-07-01,10.1016/j.archger.2022.104672,32,,,Article,https://api.elsevier.com/content/abstract/scopus_id/85126134570,scopus_unmet_care_supplement
Future expectations of receiving care and all-cause mortality among older adults in Korea,Yoon H.,Health and Social Care in the Community,2022-07-01,10.1111/hsc.13495,12,,,Article,https://api.elsevier.com/content/abstract/scopus_id/85109380577,scopus_unmet_care_supplement
Heterogeneity in Long-Term Care for Older Adults in Europe: Between Individual and Systemic Effects,Tinios P.,Journal of Ageing and Longevity,2022-06-01,10.3390/jal2020014,8,,,Article,https://api.elsevier.com/content/abstract/scopus_id/105010280597,scopus_unmet_care_supplement
Barriers to older Pacific peoples' participation in the health-care system in Aotearoa New Zealand,Neville S.,Journal of Primary Health Care,2022-06-01,10.1071/HC21146,16,,,Article,https://api.elsevier.com/content/abstract/scopus_id/85131158371,scopus_unmet_care_supplement
Care Received and Unmet Care Needs among Older Parents in Biological and Step Families,Patterson S.E.,Journals of Gerontology Series B Psychological Sciences and Social Sciences,2022-05-01,10.1093/geronb/gbab178,28,,,Article,https://api.elsevier.com/content/abstract/scopus_id/85139478724,scopus_unmet_care_supplement
Sensory Impairment and the Odds of Adverse Consequences of Unmet Needs for Care Among Older Adults,Pittman C.,Journals of Gerontology Series B Psychological Sciences and Social Sciences,2022-05-01,10.1093/geronb/gbab065,10,,,Article,https://api.elsevier.com/content/abstract/scopus_id/85130418716,scopus_unmet_care_supplement
Examining Consequences Related to Unmet Care Needs Across the Long-Term Care Continuum,Jenkins Morales M.,Journals of Gerontology Series B Psychological Sciences and Social Sciences,2022-05-01,10.1093/geronb/gbab210,14,,,Article,https://api.elsevier.com/content/abstract/scopus_id/85143715492,scopus_unmet_care_supplement
"The Nexus Between Obesity, Health and Social Care Needs for Older Adults: A Literature Review",Ghosh G.,Illness Crisis and Loss,2022-04-01,10.1177/1054137319882156,0,,,Article,https://api.elsevier.com/content/abstract/scopus_id/85075429959,scopus_unmet_care_supplement
The relationship between unmet need for home and community-based services and health and community living outcomes,Chong N.,Disability and Health Journal,2022-04-01,10.1016/j.dhjo.2021.101222,58,,,Article,https://api.elsevier.com/content/abstract/scopus_id/85117232589,scopus_unmet_care_supplement
Programs Addressed to Family Caregivers/Informal Caregivers Needs: Systematic Review Protocol,Sousa L.,Journal of Personalized Medicine,2022-02-01,10.3390/jpm12020145,7,,,Article,https://api.elsevier.com/content/abstract/scopus_id/85123161856,scopus_unmet_care_supplement
Parental Caregivers and Household Power Dynamics,Miller R.,Feminist Economics,2022-01-01,10.1080/13545701.2021.1975793,15,,,Article,https://api.elsevier.com/content/abstract/scopus_id/85119413467,scopus_unmet_care_supplement
"Unmet needs for assistance with activities of daily living among elderly in rural and urban areas in Kwara State Central Senatorial District, Nigeria",Fasiku M.M.,Babcock University Medical Journal,2021-12-31,10.38029/bumj.v4i2.84,0,,,Article,https://api.elsevier.com/content/abstract/scopus_id/85170368105,scopus_unmet_care_supplement
Association between primary caregiver type and mortality among Chinese older adults with disability: a prospective cohort study,Liu Y.,BMC Geriatrics,2021-12-01,10.1186/s12877-021-02219-5,9,,,Article,https://api.elsevier.com/content/abstract/scopus_id/85104676902,scopus_unmet_care_supplement
The Bladder at Night during Hospitalisation: Towards optimal care for elderly patients with nocturia,Van Besien W.,International Journal of Clinical Practice,2021-12-01,10.1111/ijcp.14876,5,,,Article,https://api.elsevier.com/content/abstract/scopus_id/85116134171,scopus_unmet_care_supplement
Impairment in Activities of Daily Living and Unmet Need for Care among Older Adults: A Population-Based Study from Burkina Faso,Brinkmann B.,Journals of Gerontology Series B Psychological Sciences and Social Sciences,2021-11-01,10.1093/geronb/gbab041,8,,,Article,https://api.elsevier.com/content/abstract/scopus_id/85122600035,scopus_unmet_care_supplement
"Unmet support needs in teenage and young adult childhood brain tumour survivors and their caregivers: “it’s all the aftermath, and then you’re forgotten about”",Nicklin E.,Supportive Care in Cancer,2021-11-01,10.1007/s00520-021-06193-x,20,,,Article,https://api.elsevier.com/content/abstract/scopus_id/85104741070,scopus_unmet_care_supplement
Tensions in support for family caregivers of people with dementia in Singapore: A qualitative study,Basnyat I.,Dementia,2021-10-01,10.1177/1471301221990567,24,,,Article,https://api.elsevier.com/content/abstract/scopus_id/85105860159,scopus_unmet_care_supplement
Assessment of Met and Unmet Care Needs in Older Adults without Mental Disorders Using the Camberwell Assessment of Need for the Elderly: A Systematic Review and Meta-analysis,Cheraghi P.,Journal of Research in Health Sciences,2021-09-01,10.34172/jrhs.2021.64,15,,,Article,https://api.elsevier.com/content/abstract/scopus_id/85128721972,scopus_unmet_care_supplement
"Family Care, Economic Stress, and Depressive Symptoms Among Chinese Adults During the COVID-19 Outbreak: Difference by Urban and Rural Areas",Liu C.,Frontiers in Psychiatry,2021-07-21,10.3389/fpsyt.2021.700493,15,,,Article,https://api.elsevier.com/content/abstract/scopus_id/85111913538,scopus_unmet_care_supplement
Unmet needs for assistance related to subjective cognitive decline among community-dwelling middle-aged and older adults in the US: Prevalence and impact on health-related quality of life,Bouldin E.D.,International Psychogeriatrics,2021-07-01,10.1017/S1041610220001635,12,,,Article,https://api.elsevier.com/content/abstract/scopus_id/85092014181,scopus_unmet_care_supplement
Opening the black box of non-pharmacological care in systemic sclerosis: a cross-sectional online survey of Dutch health professionals,Stöcker J.K.,Rheumatology International,2021-07-01,10.1007/s00296-020-04765-4,2,,,Article,https://api.elsevier.com/content/abstract/scopus_id/85099508751,scopus_unmet_care_supplement
The Impact of COVID-19 on Informal Caregiving and Care Receiving Across Europe During the First Phase of the Pandemic,Bergmann M.,Frontiers in Public Health,2021-06-16,10.3389/fpubh.2021.673874,102,,,Article,https://api.elsevier.com/content/abstract/scopus_id/85108976608,scopus_unmet_care_supplement
Gender difference in unmet need for assistance with activities of daily living among disabled seniors in China: A cross-sectional study,Chen N.,BMJ Open,2021-06-02,10.1136/bmjopen-2020-044807,13,,,Article,https://api.elsevier.com/content/abstract/scopus_id/85107478971,scopus_unmet_care_supplement
Carers of older Australians: Unmet support needs and carer well-being,Temple J.,Australian Journal of Primary Health,2021-06-01,10.1071/PY20161,10,,,Article,https://api.elsevier.com/content/abstract/scopus_id/85106640377,scopus_unmet_care_supplement
Unmet care needs are common among community-dwelling older people with memory problems in Finland,Aaltonen M.S.,Scandinavian Journal of Public Health,2021-06-01,10.1177/1403494819890800,23,,,Article,https://api.elsevier.com/content/abstract/scopus_id/85077357225,scopus_unmet_care_supplement
Care Poverty Within the Home Space: Exploring the Emotional Experiences of Unmet Care Needs,Sihto T.,Frontiers in Sociology,2021-04-29,10.3389/fsoc.2021.637799,11,,,Article,https://api.elsevier.com/content/abstract/scopus_id/85105933048,scopus_unmet_care_supplement
Unmet care needs of older people: A scoping review,Kalánková D.,Nursing Ethics,2021-03-01,10.1177/0969733020948112,102,,,Review,https://api.elsevier.com/content/abstract/scopus_id/85091745605,scopus_unmet_care_supplement
Caregiving Factors as Predictors of Care Recipient Mortality,Schulz R.,American Journal of Geriatric Psychiatry,2021-03-01,10.1016/j.jagp.2020.06.025,42,,,Article,https://api.elsevier.com/content/abstract/scopus_id/85088795723,scopus_unmet_care_supplement
Dementia palliative care: A multi-site survey of long term care STAFF'S education needs and readiness to change,Timmons S.,Nurse Education in Practice,2021-03-01,10.1016/j.nepr.2021.103006,11,,,Article,https://api.elsevier.com/content/abstract/scopus_id/85102011050,scopus_unmet_care_supplement
A nurse-led education program for pneumoconiosis caregivers at the community level,Kin C.,International Journal of Environmental Research and Public Health,2021-02-01,10.3390/ijerph18031092,4,,,Article,https://api.elsevier.com/content/abstract/scopus_id/85099950028,scopus_unmet_care_supplement
Do community-dwelling dutch older adults receive the care that they need?,Molema A.,Tijdschrift Voor Gerontologie En Geriatrie,2021-01-01,,0,,,Article,https://api.elsevier.com/content/abstract/scopus_id/85122015560,scopus_unmet_care_supplement
Perceived Adequacy of Tangible Support during Stay-at-Home Orders in Chicago and New York,O’Conor R.,Journal of Primary Care and Community Health,2021-01-01,10.1177/21501327211024411,1,,,Article,https://api.elsevier.com/content/abstract/scopus_id/85107699624,scopus_unmet_care_supplement
Medicaid Expansion and Racial and Ethnic Disparities in Access to Health Care: Applying the National Academy of Medicine Definition of Health Care Disparities,Lee H.,Inquiry United States,2021-01-01,10.1177/0046958021991293,41,,,Article,https://api.elsevier.com/content/abstract/scopus_id/85100978069,scopus_unmet_care_supplement
Met and unmet care needs of home-living people with dementia in China: An observational study using the Camberwell Assessment of Need for the Elderly,Zhang J.,Geriatrics and Gerontology International,2021-01-01,10.1111/ggi.14093,24,,,Article,https://api.elsevier.com/content/abstract/scopus_id/85096766424,scopus_unmet_care_supplement
Satisfaction with Stroke Care among Patients with Alzheimer's and Other Dementias: A Swedish Register-Based Study,Hoang M.T.,Journal of Alzheimer S Disease,2021-01-01,10.3233/JAD-200976,4,,,Article,https://api.elsevier.com/content/abstract/scopus_id/85100392972,scopus_unmet_care_supplement
Multimorbidity in General Practice: Unmet Care Needs From a Patient Perspective,Rimmelzwaan L.M.,Frontiers in Medicine,2020-12-22,10.3389/fmed.2020.530085,13,,,Article,https://api.elsevier.com/content/abstract/scopus_id/85098947249,scopus_unmet_care_supplement
Perceptions of care after end-of-treatment among younger women with different gynecologic cancer diagnoses – a qualitative analysis of written responses submitted via a survey,Mattsson E.,BMC Women S Health,2020-12-01,10.1186/s12905-020-01133-z,12,,,Article,https://api.elsevier.com/content/abstract/scopus_id/85097940696,scopus_unmet_care_supplement
Unmet care needs in the oldest old with social loss experiences: results of a representative survey,Stein J.,BMC Geriatrics,2020-12-01,10.1186/s12877-020-01822-2,15,,,Article,https://api.elsevier.com/content/abstract/scopus_id/85092919653,scopus_unmet_care_supplement
Self-rated health over the first five years after stroke,Bjälkefur K.,BMC Neurology,2020-12-01,10.1186/s12883-020-01956-1,14,,,Article,https://api.elsevier.com/content/abstract/scopus_id/85093976242,scopus_unmet_care_supplement
"Role of clinical, functional and social factors in the association between multimorbidity and quality of life: Findings from the Survey of Health, Ageing and Retirement in Europe (SHARE)",Makovski T.T.,Plos One,2020-10-01,10.1371/journal.pone.0240024,30,,,Review,https://api.elsevier.com/content/abstract/scopus_id/85093852441,scopus_unmet_care_supplement
Anxiety and Unmet Needs for Assistance With Daily Activities Among Older Adults,Zuverink A.,Journal of Aging and Health,2020-06-01,10.1177/0898264319830805,17,,,Article,https://api.elsevier.com/content/abstract/scopus_id/85062659516,scopus_unmet_care_supplement
"Impairment in Activities of Daily Living, Care Receipt, and Unmet Needs in a Middle-Aged and Older Rural South African Population: Findings From the HAALSI Study",Harling G.,Journal of Aging and Health,2020-06-01,10.1177/0898264318821220,33,,,Article,https://api.elsevier.com/content/abstract/scopus_id/85059687842,scopus_unmet_care_supplement
Health Care Costs at the End of Life for Patients with Idiopathic Pulmonary Fibrosis Evaluation of a Pilot Multidisciplinary Collaborative Interstitial Lung Disease Clinic,Kalluri M.,Annals of the American Thoracic Society,2020-06-01,10.1513/AnnalsATS.201909-707OC,35,,,Article,https://api.elsevier.com/content/abstract/scopus_id/85085022811,scopus_unmet_care_supplement
"Do factors across the World Health Organisation's International Classification of Functioning, Disability and Health framework relate to caregiver availability for communitydwelling older adults in Ghana?",Awuviry-Newton K.,Plos One,2020-05-01,10.1371/journal.pone.0233541,15,,,Article,https://api.elsevier.com/content/abstract/scopus_id/85085714097,scopus_unmet_care_supplement
The cyclicality of informal care,Mommaerts C.,Journal of Health Economics,2020-05-01,10.1016/j.jhealeco.2020.102306,22,,,Article,https://api.elsevier.com/content/abstract/scopus_id/85081047902,scopus_unmet_care_supplement
"Sex-Specific Trends in Acute Myocardial Infarction Within an Integrated Healthcare Network, 2000 Through 2014",Mefford M.T.,Circulation,2020-02-18,10.1161/CIRCULATIONAHA.119.044738,35,,,Article,https://api.elsevier.com/content/abstract/scopus_id/85079913652,scopus_unmet_care_supplement
Resident Challenges With Pain and Functional Limitations in Chinese Residential Care Facilities,Song Y.,Gerontologist,2020-01-24,10.1093/geront/gny154,6,,,Article,https://api.elsevier.com/content/abstract/scopus_id/85078285427,scopus_unmet_care_supplement
Adverse Consequences of Unmet Needs for Care in High-Need/High-Cost Older Adults,Beach S.R.,Journals of Gerontology Series B Psychological Sciences and Social Sciences,2020-01-14,10.1093/geronb/gby021,105,,,Article,https://api.elsevier.com/content/abstract/scopus_id/85077941422,scopus_unmet_care_supplement
Sexual Deviance in Health and Aging: Uncovering Later Life Intimacy,Ritter L.J.,Sexual Deviance in Health and Aging Uncovering Later Life Intimacy,2020-01-01,,0,,,Book,https://api.elsevier.com/content/abstract/scopus_id/105014042613,scopus_unmet_care_supplement
"A profile of Australian mental health carers, their caring role and service needs: results from the 2012 Survey of Disability, Ageing and Carers",Diminic S.,Epidemiology and Psychiatric Sciences,2019-12-31,10.1017/S2045796018000446,34,,,Article,https://api.elsevier.com/content/abstract/scopus_id/85052990949,scopus_unmet_care_supplement
Experiences of health services and unmet care needs of people with late-stage Parkinson's in England: A qualitative study,Read J.,Plos One,2019-12-01,10.1371/journal.pone.0226916,36,,,Article,https://api.elsevier.com/content/abstract/scopus_id/85077335483,scopus_unmet_care_supplement
Perceived Adequacy of Tangible Social Support and Associations with Health Outcomes Among Older Primary Care Patients,O’Conor R.,Journal of General Internal Medicine,2019-11-01,10.1007/s11606-019-05110-7,14,,,Article,https://api.elsevier.com/content/abstract/scopus_id/85068345556,scopus_unmet_care_supplement
Support Needs Approach for Patients (SNAP) tool: A validation study,Gardener A.C.,BMJ Open,2019-11-01,10.1136/bmjopen-2019-032028,20,,,Article,https://api.elsevier.com/content/abstract/scopus_id/85075315920,scopus_unmet_care_supplement
Care poverty: Unmet care needs in a nordic welfare state,Kröger T.,International Journal of Care and Caring,2019-11-01,10.1332/239788219X15641291564296,79,,,Article,https://api.elsevier.com/content/abstract/scopus_id/85077397777,scopus_unmet_care_supplement
Anticipatory anxiety about future dementia-related care needs: towards a dementia-friendly community,Okamura T.,Psychogeriatrics,2019-11-01,10.1111/psyg.12433,4,,,Article,https://api.elsevier.com/content/abstract/scopus_id/85074744735,scopus_unmet_care_supplement
Care Configurations and Unmet Care Needs in Older Men and Women,Potter A.J.,Journal of Applied Gerontology,2019-10-01,10.1177/0733464817733239,21,,,Article,https://api.elsevier.com/content/abstract/scopus_id/85071487965,scopus_unmet_care_supplement
Community-based strategies to identify the unmet need for care of individuals with sexually transmitted infection-associated symptoms in rural South Africa,Hoffman C.M.,Tropical Medicine and International Health,2019-08-01,10.1111/tmi.13274,6,,,Article,https://api.elsevier.com/content/abstract/scopus_id/85067417240,scopus_unmet_care_supplement
Met and unmet care needs of older people with dementia living at home: Personal and informal carers’ perspectives,Mazurek J.,Dementia,2019-08-01,10.1177/1471301217733233,43,,,Article,https://api.elsevier.com/content/abstract/scopus_id/85061075628,scopus_unmet_care_supplement
"Understanding the care and support needs of older people: A scoping review and categorisation using the WHO international classification of functioning, disability and health framework (ICF)",Abdi S.,BMC Geriatrics,2019-07-22,10.1186/s12877-019-1189-9,473,,,Article,https://api.elsevier.com/content/abstract/scopus_id/85069766027,scopus_unmet_care_supplement
"Having an Adult Child in the United States, Physical Functioning, and Unmet Needs for Care among Older Mexican Adults",Torres J.M.,Epidemiology,2019-07-01,10.1097/EDE.0000000000001016,7,,,Article,https://api.elsevier.com/content/abstract/scopus_id/85067219569,scopus_unmet_care_supplement
The caregiving dyad: Do caregivers’ appraisals of caregiving matter for care recipients’ health?,Pristavec T.,Archives of Gerontology and Geriatrics,2019-05-01,10.1016/j.archger.2019.01.020,31,,,Article,https://api.elsevier.com/content/abstract/scopus_id/85060749135,scopus_unmet_care_supplement
Perceived reliability of assistance among american older adults: A study of kin and non-kin help,Gillespie B.J.,International Journal of Care and Caring,2019-05-01,10.1332/239788219X15473079319273,8,,,Article,https://api.elsevier.com/content/abstract/scopus_id/85089658202,scopus_unmet_care_supplement
Needs for care and service use in dementia: Baseline assessment of portuguese participants in the actifcare cohort study,Gonçalves-Pereira M.,Acta Medica Portuguesa,2019-05-01,10.20344/amp.11136,16,,,Article,https://api.elsevier.com/content/abstract/scopus_id/85067458523,scopus_unmet_care_supplement
Multifactorial intervention for hip and pelvic fracture patients with mild to moderate cognitive impairment: Study protocol of a dual-centre randomised controlled trial (OF-CARE),Dautel A.,BMC Geriatrics,2019-04-30,10.1186/s12877-019-1133-z,17,,,Article,https://api.elsevier.com/content/abstract/scopus_id/85065121299,scopus_unmet_care_supplement
"Unmet care needs, care provision and patient satisfaction in patients with a late life depression: a cross-sectional study",Clignet F.,Aging and Mental Health,2019-04-03,10.1080/13607863.2018.1426716,22,,,Article,https://api.elsevier.com/content/abstract/scopus_id/85041134090,scopus_unmet_care_supplement
Sociodemographic Variation in Increasing Needs for Mental Health Services among Canadian Adults from 2002 to 2012,Drapeau A.,Psychiatric Quarterly,2019-03-15,10.1007/s11126-018-9607-2,6,,,Article,https://api.elsevier.com/content/abstract/scopus_id/85055534659,scopus_unmet_care_supplement
The unmet needs of family members of patients with progressive neurological disease in the Czech Republic,Bužgová R.,Plos One,2019-03-01,10.1371/journal.pone.0214395,10,,,Article,https://api.elsevier.com/content/abstract/scopus_id/85063576118,scopus_unmet_care_supplement
Predicting Unmet Need for Social Care,Dunatchik A.,Journal of Long Term Care,2019-01-01,10.31389/jltc.33,31,,,Article,https://api.elsevier.com/content/abstract/scopus_id/85107194369,scopus_unmet_care_supplement
Caring hours and possible need for employment support among primary carers for adults with mental illness: Results from an Australian household survey,Diminic S.,Health and Social Care in the Community,2019-01-01,10.1111/hsc.12811,4,,,Article,https://api.elsevier.com/content/abstract/scopus_id/85068909007,scopus_unmet_care_supplement
Assessment of unmet supportive care needs in haematological cancer survivors,Konstantinidis T.I.,Asian Pacific Journal of Cancer Prevention,2019-01-01,10.31557/APJCP.2019.20.5.1487,24,,,Article,https://api.elsevier.com/content/abstract/scopus_id/85066933353,scopus_unmet_care_supplement
"Does the meeting centres support programme reduce unmet care needs of community-dwelling older people with dementia? A controlled, 6-month follow-up Polish study",Mazurek J.,Clinical Interventions in Aging,2019-01-01,10.2147/CIA.S185683,19,,,Article,https://api.elsevier.com/content/abstract/scopus_id/85060245500,scopus_unmet_care_supplement
No Place Like Home: A Systematic Review of Home Care for Older Adults in Canada,Johnson S.,Canadian Journal on Aging,2018-12-01,10.1017/S0714980818000375,78,,,Article,https://api.elsevier.com/content/abstract/scopus_id/85052921365,scopus_unmet_care_supplement
The unmet support needs of carers of older Australians: Prevalence and mental health,Temple J.B.,International Psychogeriatrics,2018-12-01,10.1017/S104161021800042X,41,,,Article,https://api.elsevier.com/content/abstract/scopus_id/85047443768,scopus_unmet_care_supplement
"Self-Reported Needs for Care, Support and Treatment of Persons Who Frequently Visit Psychiatric Emergency Rooms in Sweden",Schmidt M.,Issues in Mental Health Nursing,2018-09-02,10.1080/01612840.2018.1481471,14,,,Article,https://api.elsevier.com/content/abstract/scopus_id/85052091494,scopus_unmet_care_supplement
Toenail examination reveals unmet care needs,Perry L.,JAMA Internal Medicine,2018-09-01,10.1001/jamainternmed.2018.3888,0,,,Letter,https://api.elsevier.com/content/abstract/scopus_id/85053003855,scopus_unmet_care_supplement
Toenail examination reveals unmet care needs,Perry L.,JAMA Internal Medicine,2018-09-01,10.1001/jamainternmed.2018.4288,0,,,Letter,https://api.elsevier.com/content/abstract/scopus_id/85053002378,scopus_unmet_care_supplement
Care Recipient Concerns about Being a Burden and Unmet Needs for Care,Nieuwenhuis A.V.,Innovation in Aging,2018-09-01,10.1093/geroni/igy026,22,,,Article,https://api.elsevier.com/content/abstract/scopus_id/85078889748,scopus_unmet_care_supplement
Urinary Incontinence in a National Cohort of Older Women: Implications for Caregiving and Care Dependence,Yang E.,Journal of Women S Health,2018-09-01,10.1089/jwh.2017.6891,22,,,Article,https://api.elsevier.com/content/abstract/scopus_id/85053187650,scopus_unmet_care_supplement
Factors associated with health service utilisation for common mental disorders: A systematic review,Roberts T.,BMC Psychiatry,2018-08-22,10.1186/s12888-018-1837-1,272,,,Article,https://api.elsevier.com/content/abstract/scopus_id/85052104492,scopus_unmet_care_supplement
Unmet needs in the depressed primary care elderly and their relation to severity of depression: results from the AgeMooDe study,Alltag S.,Aging and Mental Health,2018-08-03,10.1080/13607863.2017.1328480,12,,,Article,https://api.elsevier.com/content/abstract/scopus_id/85019692294,scopus_unmet_care_supplement
Unmet supportive care needs and symptom burden in Taiwanese cancer survivors who have completed primary treatment,Lo W.T.,European Journal of Oncology Nursing,2018-08-01,10.1016/j.ejon.2018.05.010,19,,,Article,https://api.elsevier.com/content/abstract/scopus_id/85048732417,scopus_unmet_care_supplement
Health conditions and unmet needs for assistance to perform activities of daily living among older adults with dementia in Chile,Zhou Y.,International Journal of Geriatric Psychiatry,2018-07-01,10.1002/gps.4879,13,,,Article,https://api.elsevier.com/content/abstract/scopus_id/85044335973,scopus_unmet_care_supplement
Long-Term Care Needs in the Context of Poverty and Population Aging: the Case of Older Persons in Myanmar,Teerawichitchainan B.,Journal of Cross Cultural Gerontology,2018-06-01,10.1007/s10823-017-9336-2,23,,,Article,https://api.elsevier.com/content/abstract/scopus_id/85030717146,scopus_unmet_care_supplement
Older adult's experience of chronic low back pain and its implications on their daily life: Study protocol of a systematic review of qualitative research,Wong A.Y.L.,Systematic Reviews,2018-05-24,10.1186/s13643-018-0742-5,27,,,Article,https://api.elsevier.com/content/abstract/scopus_id/85047521338,scopus_unmet_care_supplement
Depression and Unmet Needs for Assistance With Daily Activities Among Community-Dwelling Older Adults,Xiang X.,Gerontologist,2018-05-08,10.1093/geront/gnw262,30,,,Article,https://api.elsevier.com/content/abstract/scopus_id/85047010863,scopus_unmet_care_supplement
The Nourishing Role: Exploratory Qualitative Research Revealing Unmet Support Needs in Family Carers of Patients with Advanced Cancer and Eating Problems,Hopkinson J.B.,Cancer Nursing,2018-03-01,10.1097/NCC.0000000000000474,23,,,Article,https://api.elsevier.com/content/abstract/scopus_id/85011715860,scopus_unmet_care_supplement
Unmet need for assistance with activities of daily life among older adults in Brazil,de Andrade T.B.,Revista De Saude Publica,2018-01-01,10.11606/S1518-8787.2018052000463,22,,,Article,https://api.elsevier.com/content/abstract/scopus_id/85051193439,scopus_unmet_care_supplement
Aging in Ghana: A public health and cultural perspective,Badasu D.M.,Ageing Physical Activity and Health International Perspectives,2018-01-01,10.4324/9781315167992,1,,,Book Chapter,https://api.elsevier.com/content/abstract/scopus_id/85047538950,scopus_unmet_care_supplement
Impact of Untimely Access to Formal Care on Costs and Quality of Life in Community Dwelling People with Dementia,Janssen N.,Journal of Alzheimer S Disease,2018-01-01,10.3233/JAD-180531,15,,,Article,https://api.elsevier.com/content/abstract/scopus_id/85057170180,scopus_unmet_care_supplement
Likelihood that expectations of informal care will be met at onset of caregiving need: A retrospective study of older adults in the USA,Abrahamson K.,BMJ Open,2017-12-01,10.1136/bmjopen-2017-017791,15,,,Article,https://api.elsevier.com/content/abstract/scopus_id/85050888892,scopus_unmet_care_supplement
Volunteer provision of long-term care for older people in Thailand and Costa Rica,Lloyd-Sherlock P.,Bulletin of the World Health Organization,2017-11-01,10.2471/BLT.16.187526,25,,,Article,https://api.elsevier.com/content/abstract/scopus_id/85032939884,scopus_unmet_care_supplement
“They’re on the Fast Track”: Older Blacks Describe Experiences of Nursing Care Quality During Hospitalization,Brooks Carthon J.M.,Clinical Nursing Research,2017-10-01,10.1177/1054773816674478,10,,,Article,https://api.elsevier.com/content/abstract/scopus_id/85029063416,scopus_unmet_care_supplement
Associations between the psychological health of patients and carers in advanced COPD,Mi E.,International Journal of Copd,2017-09-30,10.2147/COPD.S139188,29,,,Article,https://api.elsevier.com/content/abstract/scopus_id/85031123622,scopus_unmet_care_supplement
The impact of frailty on healthcare utilisation in Ireland: Evidence from the Irish longitudinal study on ageing,Roe L.,BMC Geriatrics,2017-09-05,10.1186/s12877-017-0579-0,91,,,Article,https://api.elsevier.com/content/abstract/scopus_id/85028821658,scopus_unmet_care_supplement
Unmet Care Needs in the Oldest Old Primary Care Patients with Cognitive Disorders: Results of the AgeCoDe and AgeQualiDe Study,Stein J.,Dementia and Geriatric Cognitive Disorders,2017-08-01,10.1159/000478850,26,,,Article,https://api.elsevier.com/content/abstract/scopus_id/85026444412,scopus_unmet_care_supplement
Homecare Service Providers as an Organizational Form of Support for the Elderly: Establishment and Planning of Optimal Capacity,Šprajc P.,Organizacija,2017-08-01,10.1515/orga-2017-0021,0,,,Article,https://api.elsevier.com/content/abstract/scopus_id/85028778303,scopus_unmet_care_supplement
Family Caregiver Factors Associated with Unmet Needs for Care of Older Adults,Beach S.R.,Journal of the American Geriatrics Society,2017-03-01,10.1111/jgs.14547,152,,,Article,https://api.elsevier.com/content/abstract/scopus_id/85006716830,scopus_unmet_care_supplement
Profile of Nursing Home Residents Admitted Directly From Home,Holup A.A.,Journal of the American Medical Directors Association,2017-02-01,10.1016/j.jamda.2016.08.017,24,,,Article,https://api.elsevier.com/content/abstract/scopus_id/85005966807,scopus_unmet_care_supplement
African American stroke survivors,Skolarus L.E.,Circulation Cardiovascular Quality and Outcomes,2017-02-01,10.1161/CIRCOUTCOMES.116.003160,25,,,Article,https://api.elsevier.com/content/abstract/scopus_id/85014636024,scopus_unmet_care_supplement
Detection of Undiagnosed Disease in Medicare Beneficiaries after a Clinical Home Visit,Han D.,Population Health Management,2017-02-01,10.1089/pop.2015.0187,3,,,Article,https://api.elsevier.com/content/abstract/scopus_id/85010666324,scopus_unmet_care_supplement
Embodying pervasive discrimination: A decomposition of sexual orientation inequalities in health in a population-based cross-sectional study in Northern Sweden,Gustafsson P.E.,International Journal for Equity in Health,2017-01-21,10.1186/s12939-017-0522-1,22,,,Article,https://api.elsevier.com/content/abstract/scopus_id/85010006296,scopus_unmet_care_supplement
Social characteristics and care needs of older persons with medically unexplained symptoms: A case-control study,Hanssen D.J.C.,Family Practice,2016-12-01,10.1093/fampra/cmw067,5,,,Article,https://api.elsevier.com/content/abstract/scopus_id/85015073912,scopus_unmet_care_supplement
"Unmet care needs of the oldest old with late-life depression: A comparison of patient, caring relative and general practitioner perceptions – Results of the AgeMooDe study",Stein J.,Journal of Affective Disorders,2016-11-15,10.1016/j.jad.2016.07.001,10,,,Article,https://api.elsevier.com/content/abstract/scopus_id/84978657088,scopus_unmet_care_supplement
Socioeconomic correlates of quality of life for non-Māori in advanced age: Te Puāwaitanga o Nga Tapuwae Kia ora Tonu. Life and Living in Advanced Age: a Cohort Study in New Zealand (LiLACS NZ),Kerse N.,New Zealand Medical Journal,2016-09-09,,7,,,Article,https://api.elsevier.com/content/abstract/scopus_id/85017511302,scopus_unmet_care_supplement
Identifying Unmet Care Needs of Patients with Prostate Cancer To Assist with Their Success in Coping,Allchorne P.,Urologic Nursing,2016-09-01,10.7257/1053-816x.2016.36.5.224,4,,,Article,https://api.elsevier.com/content/abstract/scopus_id/85040920525,scopus_unmet_care_supplement
What is the mechanism effect that links social support to coping and psychological outcome within individuals affected by prostate cancer? Real time data collection using mobile technology,Paterson C.,European Journal of Oncology Nursing,2016-04-01,10.1016/j.ejon.2015.09.002,19,,,Article,https://api.elsevier.com/content/abstract/scopus_id/84959542951,scopus_unmet_care_supplement
The assessment of met and unmet care needs in the oldest old with and without depression using the Camberwell Assessment of Need for the Elderly (CANE): Results of the AgeMooDe study,Stein J.,Journal of Affective Disorders,2016-03-15,10.1016/j.jad.2015.12.044,66,,,Article,https://api.elsevier.com/content/abstract/scopus_id/84954357894,scopus_unmet_care_supplement
Walking the Line: Navigating Market and Gift Economies of Care in a Consumer-Directed Home-Based Care Program for Older Adults,Torres J.M.,Milbank Quarterly,2015-12-01,10.1111/1468-0009.12163,10,,,Article,https://api.elsevier.com/content/abstract/scopus_id/84962092601,scopus_unmet_care_supplement
Development and evaluation of a support program for prostate cancer survivors in Alaska,Kelley S.,International Journal of Circumpolar Health,2015-11-25,10.3402/ijch.v74.28605,6,,,Article,https://api.elsevier.com/content/abstract/scopus_id/84949033768,scopus_unmet_care_supplement
Unmet care needs of people with a neurological chronic disease: A cross-sectional study in Italy on Multiple Sclerosis,Ponzio M.,European Journal of Public Health,2015-10-01,10.1093/eurpub/ckv065,41,,,Article,https://api.elsevier.com/content/abstract/scopus_id/84943554885,scopus_unmet_care_supplement
Health system characteristics and unmet care needs in Europe: an analysis based on EU-SILC data,Chaupain-Guillot S.,European Journal of Health Economics,2015-09-14,10.1007/s10198-014-0629-x,89,,,Article,https://api.elsevier.com/content/abstract/scopus_id/84938907536,scopus_unmet_care_supplement
Community care for the Elderly: Needs and Service Use Study (CENSUS): Who receives home care packages and what are the outcomes?,Low L.F.,Australasian Journal on Ageing,2015-09-01,10.1111/ajag.12155,17,,,Article,https://api.elsevier.com/content/abstract/scopus_id/84940958564,scopus_unmet_care_supplement
Unmet need for ADL assistance is associated with mortality among older adults with mild disability,He S.,Journals of Gerontology Series A Biological Sciences and Medical Sciences,2015-09-01,10.1093/gerona/glv028,105,,,Article,https://api.elsevier.com/content/abstract/scopus_id/84943230310,scopus_unmet_care_supplement
Community-Dwelling Patients With Dementia and Their Informal Caregivers With and Without Case Management: 2-Year Outcomes of a Pragmatic Trial,MacNeil Vroomen J.,Journal of the American Medical Directors Association,2015-09-01,10.1016/j.jamda.2015.06.011,30,,,Article,https://api.elsevier.com/content/abstract/scopus_id/84940446865,scopus_unmet_care_supplement
Preliminary Results of a Randomised Controlled Trial of an Online Psychological Intervention to Reduce Distress in Men Treated for Localised Prostate Cancer,Wootten A.C.,European Urology,2015-09-01,10.1016/j.eururo.2014.10.024,68,,,Article,https://api.elsevier.com/content/abstract/scopus_id/84940588418,scopus_unmet_care_supplement
Effectiveness of a fotonovela for reducing depression and stress in Latino dementia family caregivers,Gallagher-Thompson D.,Alzheimer Disease and Associated Disorders,2015-06-09,10.1097/WAD.0000000000000077,59,,,Article,https://api.elsevier.com/content/abstract/scopus_id/84930754722,scopus_unmet_care_supplement
Estimating service demand for respite care among informal carers of people with psychological disabilities in Australia,Harris M.,Australian and New Zealand Journal of Public Health,2015-06-01,10.1111/1753-6405.12337,15,,,Article,https://api.elsevier.com/content/abstract/scopus_id/84930419028,scopus_unmet_care_supplement
The business of death: A qualitative study of financial concerns of widowed older women,DiGiacomo M.,BMC Women S Health,2015-04-18,10.1186/s12905-015-0194-1,43,,,Article,https://api.elsevier.com/content/abstract/scopus_id/84928322439,scopus_unmet_care_supplement
"Migration, Ethnicity, Aging and Social Work Practice",Patel N.,International Encyclopedia of the Social Behavioral Sciences Second Edition,2015-03-26,10.1016/B978-0-08-097086-8.28009-4,0,,,Book Chapter,https://api.elsevier.com/content/abstract/scopus_id/85043422740,scopus_unmet_care_supplement
The Impacts of Unmet Needs for Long-Term Care on Mortality Among Older Adults in China,Zhen Z.,Journal of Disability Policy Studies,2015-03-13,10.1177/1044207313486521,54,,,Article,https://api.elsevier.com/content/abstract/scopus_id/84922642361,scopus_unmet_care_supplement
The effect of coresidence on parental health in Japan,Maruyama S.,Journal of the Japanese and International Economies,2015-03-01,10.1016/j.jjie.2014.12.001,7,,,Article,https://api.elsevier.com/content/abstract/scopus_id/84922534436,scopus_unmet_care_supplement
Current status and barriers to health care services for nursing home residents: Perspectives of staffs in Korean nursing homes,Park Y.H.,Korean Journal of Adult Nursing,2015-01-01,10.7475/kjan.2015.27.4.418,5,,,Article,https://api.elsevier.com/content/abstract/scopus_id/84945258912,scopus_unmet_care_supplement
The relationship between unmet care needs in young-onset dementia and the course of neuropsychiatric symptoms: A two-year follow-up study,Bakker C.,International Psychogeriatrics,2014-12-15,10.1017/S1041610213001476,67,,,Article,https://api.elsevier.com/content/abstract/scopus_id/84910599319,scopus_unmet_care_supplement
Care needs and experiences of relatively young people (< 65 years) with dementia and their relatives,Bakker C.,Huisarts En Wetenschap,2014-12-01,10.1007/s12445-014-0327-z,0,,,Article,https://api.elsevier.com/content/abstract/scopus_id/84958180946,scopus_unmet_care_supplement
The adverse consequences of unmet need among older persons living in the community: dual-eligible versus Medicare-only beneficiaries,Allen S.M.,Journals of Gerontology Series B Psychological Sciences and Social Sciences,2014-11-01,10.1093/geronb/gbu124,109,,,Article,https://api.elsevier.com/content/abstract/scopus_id/84922319821,scopus_unmet_care_supplement
"The residential continuum from home to nursing home: size, characteristics and unmet needs of older adults",Freedman V.A.,Journals of Gerontology Series B Psychological Sciences and Social Sciences,2014-11-01,10.1093/geronb/gbu120,111,,,Article,https://api.elsevier.com/content/abstract/scopus_id/84922333451,scopus_unmet_care_supplement
The role of accommodations in poststroke disability management,Skolarus L.E.,Journals of Gerontology Series B Psychological Sciences and Social Sciences,2014-11-01,10.1093/geronb/gbu117,21,,,Article,https://api.elsevier.com/content/abstract/scopus_id/84922334766,scopus_unmet_care_supplement
Prevalence and correlates of unmet supportive care needs in patients with resected invasive cutaneous melanoma,Molassiotis A.,Annals of Oncology,2014-10-01,10.1093/annonc/mdu366,60,,,Article,https://api.elsevier.com/content/abstract/scopus_id/84964316071,scopus_unmet_care_supplement
Met and unmet need for personal assistance among community-dwelling New Zealanders 75 years and over,Wilkinson-Meyers L.,Health Social Care in the Community,2014-05-01,10.1111/hsc.12087,28,,,Article,https://api.elsevier.com/content/abstract/scopus_id/85027921454,scopus_unmet_care_supplement
Self-perceived met and unmet care needs of frail older adults in primary care,Hoogendijk E.O.,Archives of Gerontology and Geriatrics,2014-01-01,10.1016/j.archger.2013.09.001,81,,,Article,https://api.elsevier.com/content/abstract/scopus_id/84885957841,scopus_unmet_care_supplement
A multidimensional home-based care coordination intervention for elders with memory disorders: The maximizing independence at home (MIND) pilot randomized trial,Samus Q.M.,American Journal of Geriatric Psychiatry,2014-01-01,10.1016/j.jagp.2013.12.175,148,,,Article,https://api.elsevier.com/content/abstract/scopus_id/84898892620,scopus_unmet_care_supplement
Disabled older people's use of health and social care services and their unmet care needs in six European countries,Bień B.,European Journal of Public Health,2013-12-01,10.1093/eurpub/cks190,58,,,Article,https://api.elsevier.com/content/abstract/scopus_id/84888363821,scopus_unmet_care_supplement
Lack of motivation for treatment associated with greater care needs and psychosocial problems,Stobbe J.,Aging and Mental Health,2013-11-01,10.1080/13607863.2013.807422,13,,,Article,https://api.elsevier.com/content/abstract/scopus_id/84887445883,scopus_unmet_care_supplement
Assessment without action; a randomised evaluation of the interRAI home care compared to a national assessment tool on identification of needs and service provision for older people in New Zealand,Parsons M.,Health and Social Care in the Community,2013-09-01,10.1111/hsc.12045,23,,,Article,https://api.elsevier.com/content/abstract/scopus_id/84881545547,scopus_unmet_care_supplement
(In)Formal support and unmet needs in the national long-term care survey,Davey A.,Journal of Comparative Family Studies,2013-01-01,10.3138/jcfs.44.4.437,15,,,Article,https://api.elsevier.com/content/abstract/scopus_id/84893463714,scopus_unmet_care_supplement
A systematic review of unmet needs of newly diagnosed older cancer patients undergoing active cancer treatment,Puts M.,Supportive Care in Cancer,2012-07-01,10.1007/s00520-012-1450-7,202,,,Review,https://api.elsevier.com/content/abstract/scopus_id/84863984126,scopus_unmet_care_supplement
Late-life depression: Systematic assessment of care needs as a basis for treatment,Houtjes W.,Journal of Psychiatric and Mental Health Nursing,2012-04-01,10.1111/j.1365-2850.2011.01823.x,5,,,Article,https://api.elsevier.com/content/abstract/scopus_id/84857703477,scopus_unmet_care_supplement
Unmet need for assistance to perform activities of daily living and psychological distress in community-dwelling elderly women,Quail J.,Canadian Journal on Aging,2011-12-01,10.1017/S0714980811000493,31,,,Article,https://api.elsevier.com/content/abstract/scopus_id/83455223501,scopus_unmet_care_supplement
Unmet need for treatment in the eating disorders: A systematic review of eating disorder specific treatment seeking among community cases,Hart L.M.,Clinical Psychology Review,2011-07-01,10.1016/j.cpr.2011.03.004,476,,,Review,https://api.elsevier.com/content/abstract/scopus_id/79955113378,scopus_unmet_care_supplement
Identification of community-residing individuals with dementia and their unmet needs for care,Johnston D.,International Journal of Geriatric Psychiatry,2011-03-01,10.1002/gps.2527,72,,,Article,https://api.elsevier.com/content/abstract/scopus_id/79951765669,scopus_unmet_care_supplement
Older adults' needs for assistance as a function of living environment,Mitzner T.L.,Proceedings of the Human Factors and Ergonomics Society,2011-01-01,,9,,,Conference Paper,https://api.elsevier.com/content/abstract/scopus_id/81855224908,scopus_unmet_care_supplement
"Satisfaction of needs of disabled people 60 and over according to care provider. Spain, 2008",Rogero-García J.,Revista Espanola De Salud Publica,2011-01-01,10.1590/s1135-57272011000600004,4,,,Review,https://api.elsevier.com/content/abstract/scopus_id/84860312831,scopus_unmet_care_supplement
Return migration and the health of older aged parents: Evidence from rural Thailand,Zimmer Z.,Journal of Aging and Health,2010-10-01,10.1177/0898264309360673,14,,,Article,https://api.elsevier.com/content/abstract/scopus_id/77957584373,scopus_unmet_care_supplement
Use of formal and informal care services among older people in Ireland and France,Gannon B.,European Journal of Health Economics,2010-10-01,10.1007/s10198-010-0247-1,50,,,Article,https://api.elsevier.com/content/abstract/scopus_id/77956394274,scopus_unmet_care_supplement
Exploration of Informal Caregiving Following Hip Fracture,Nahm E.,Geriatric Nursing,2010-07-01,10.1016/j.gerinurse.2010.01.003,74,,,Article,https://api.elsevier.com/content/abstract/scopus_id/77955267497,scopus_unmet_care_supplement
The New Zealand informal caregivers and their unmet needs,Jorgensen D.,New Zealand Medical Journal,2010-06-25,,30,,,Article,https://api.elsevier.com/content/abstract/scopus_id/77954261816,scopus_unmet_care_supplement
Responding agitation in people with dementia.,Dewing J.,Nursing Older People,2010-01-01,10.7748/nop2010.07.22.6.18.c7837,27,,,Article,https://api.elsevier.com/content/abstract/scopus_id/77955506484,scopus_unmet_care_supplement
